1,Victor Adolfo Rodriguez De La Luz,92839
2,Victor Adolfo Rodriguez De La,92839
3,Victor Adolfo Rodriguez De,92839
4,Victor Adolfo Rodriguez,92839
5,Victor Adolfo De La Luz,92839
6,Victor Adolfo Rodriguez De La Luz,92839
7,Victor Rodriguez De La Luz,92839
8,Jorge Rodriguez De La Luz,92839
9,Victor Rodriguez De La Cruz,92839
10,Pedro J De La Llave,92839
11,Oscar Marquez Campos,92839
12,Victoria Flores Camargo,92839
13,Armando Cervantes Ramirez,92839
14,Critina Martinez Valerio,92839
15,Susana Perez Hernandez,92839
16,Jose Maria Morelos Y Pavon,92839
